ID,Cat√©gorie
B088M5NVZP,Vetement
B0D26BTVYV,Vetement
B094H9RGFR,Vetement
B0052OSNGM,DVD
B0000506AK,DVD
B01F6P5Q4I,DVD
B07BBSL9M3,Informatique
B076125HMB,Informatique
B002Q42S4E,Informatique
B004VMAWS8,Sport
B07GYS2YMB,Sport
B0D8XX655X,Sport
B0DHPBP4YF,Informatique
B09SWN1XB6,Informatique
B08P4DHLNR,Cuisine
B0BC3DHXT4,Vetement
B09P18BNPD,Vetement
B013IADXR0,Vetement
B077B58HJF,Cuisine
B07C8SKJ4P,Sport
B07DJ9D5FT,Cuisine
B0756G1VPB,Abricot
B0148NZOLY,Abricot
B0BCJJ2WMG,Abricot
B085C8Z4K8,Abricot
B09R7Q78JL,Abricot
B0CBXFW1TN,Abricot
B0BZJFM143,Abricot
B00NIPEV2W,Abricot
B074593NMS,Abricot
B0CBS4DRPM,Abricot
B07DJN91K5,Abricot
B089QHPQ84,Abricot
